{
    "dctnst34b56h501u": {
        "nome": "mario",
        "cognome": "de martino",
        "data nascita": "21/05/1980",
        "codice fiscale": "dctnst34b56h501u"
    },
    "dctnst34b56h501a": {
        "nome": "gianni",
        "cognome": "de martino",
        "data nascita": "21/05/1980",
        "codice fiscale": "dctnst34b56h501u"
    },
    "dctnst34b56h503e": {
        "nome": "maria",
        "cognome": "de martino",
        "data nascita": "21/05/1980",
        "codice fiscale": "dctnst34b56h501u"
    },
    "dctnst34b56h502w": {
        "nome": "silvia",
        "cognome": "de martino",
        "data nascita": "21/05/1980",
        "codice fiscale": "dctnst34b56h501u"
    },
    "aaaaa": {
        "nome": "Paolo",
        "cognome": "Rossi",
        "data nascita": "24/02/1990",
        "codice fiscale": "aaaaa"
    },
    "eeeee": {
        "nome": "Emanuele",
        "cognome": "Ficerai",
        "dataNascita": "20/12/2004",
        "codFiscale": "eeeee"
    },
    "iiiii": {
        "nome": "Angelo",
        "cognome": "Locarini",
        "dataNascita": "16/11/2004",
        "codFiscale": "iiiii"
    }
}